{
	"0": [
		{
			"file_name": "output2_1/frame0.jpg",
			"frame_idx": 0,
			"width": 640,
			"height": 480,
			"subject": 0,
			"joint": [
				[
					0.31042784452438354,
					0.7272071838378906
				],
				[
					0.41699957847595215,
					0.7893380522727966
				],
				[
					0.5370950698852539,
					0.7823960781097412
				],
				[
					0.6334261298179626,
					0.7527821660041809
				],
				[
					0.7206874489784241,
					0.7422996759414673
				],
				[
					0.5989974737167358,
					0.740235447883606
				],
				[
					0.706143319606781,
					0.7068144083023071
				],
				[
					0.7775299549102783,
					0.6766343116760254
				],
				[
					0.8265995979309082,
					0.647596538066864
				],
				[
					0.5698784589767456,
					0.6731144189834595
				],
				[
					0.6730440855026245,
					0.6036615967750549
				],
				[
					0.7294943928718567,
					0.5423017144203186
				],
				[
					0.7694398164749146,
					0.4931914806365967
				],
				[
					0.5321977734565735,
					0.613896369934082
				],
				[
					0.6111661791801453,
					0.5436632037162781
				],
				[
					0.6535767912864685,
					0.48742738366127014
				],
				[
					0.6813585162162781,
					0.44261977076530457
				],
				[
					0.4913264811038971,
					0.564943253993988
				],
				[
					0.539012610912323,
					0.49450746178627014
				],
				[
					0.565265953540802,
					0.44417649507522583
				],
				[
					0.5869250297546387,
					0.4012080430984497
				]
			]
		}
	],
	"1": [
		{
			"file_name": "output2_1/frame1.jpg",
			"frame_idx": 4,
			"width": 640,
			"height": 480,
			"subject": 0,
			"joint": [
				[
					0.32120299339294434,
					0.7491011023521423
				],
				[
					0.4226219952106476,
					0.7996524572372437
				],
				[
					0.5295031666755676,
					0.7907515168190002
				],
				[
					0.5859520435333252,
					0.6766067743301392
				],
				[
					0.5929336547851562,
					0.5754383206367493
				],
				[
					0.5916572213172913,
					0.7220586538314819
				],
				[
					0.6799309253692627,
					0.6498167514801025
				],
				[
					0.6698412895202637,
					0.6080731749534607
				],
				[
					0.6514917016029358,
					0.5864269733428955
				],
				[
					0.5718045830726624,
					0.6495167016983032
				],
				[
					0.6772847175598145,
					0.5809876918792725
				],
				[
					0.7361775040626526,
					0.5267670750617981
				],
				[
					0.7939740419387817,
					0.482322096824646
				],
				[
					0.5351700782775879,
					0.5989118814468384
				],
				[
					0.6248072385787964,
					0.5265452861785889
				],
				[
					0.6712432503700256,
					0.4876653552055359
				],
				[
					0.7065064907073975,
					0.4626607298851013
				],
				[
					0.4899105131626129,
					0.5625203251838684
				],
				[
					0.549014151096344,
					0.5012083053588867
				],
				[
					0.5789331793785095,
					0.4648367762565613
				],
				[
					0.6029309034347534,
					0.43901610374450684
				]
			]
		}
	]
}